Title,Rating,Service,Watched,Released
9,3.0,,2010,2009
12,4.0,,2010,2007
42,4.0,,2014,2013
360,3.6,,2023,
11/23/63,2.0,hulu,2022,
"10,000 B.C.",2.0,,2008,2008
12 Angry Men,3.0,,2014,1957
12 Monkeys,4.0,,2004,1995
12 Strong,1.0,,2018,2018
12 Years a Slave,4.0,,2014,2013
127 Hours,4.0,,2011,2010
13 Conversations About One Thing,3.0,,2016,2002
13 Tzameti,1.0,,2017,2005
20 Feet from Stardom,3.0,,2015,2013
2001: A Space Odyssey,4.0,,2004,1968
20th Century Women,1.0,,2017,2016
25th Hour,3.0,,2014,2002
"4 Months, 3 Weeks, 2 Days",4.0,,2008,2007
45 Years,1.0,,2017,2015
5 Broken en Cameras,3.0,,2013,2012
5 Flights Up,1.0,,2018,2015
50/50,3.0,,2012,2011
56 Up,3.0,,2014,2012
6 Days,3.0,,2023,
7 Prisoners (difficult to watch),2.0,Netflix,2022,2021
84 Charing Cross Rd,3.0,Tubi,2025,1987
84 Charing Cross Road,4.0,,2006,1986
9 Perfect Strangers S1,3.0,Hulu,2025,2025
99 Homes,3.0,,2016,2015
A Beautiful Mind,4.0,,2004,2001
A Better Life,4.0,,2012,2011
A Brilliant Young Mind,3.5,,2023,
A Call To Spy,2.0,Netflix,2022,2019
A Call to Spy,1.0,,2022,
A Chorus Line,3.0,,2011,1985
A Clockwork Orange,4.0,,2004,1971
A Dangerous Method,2.0,,2012,2011
A Dark Truth,2.0,,2013,2012
A Day and a Half,3.5,,2024,
A Day Without a Mexican,1.0,,2009,2004
A Dog's Purpose,1.0,,2018,2017
A Fish Called Wanda,4.0,,2004,1988
A French Village,2.0,Prime,2025,1900
A French Village S1,2.0,Prime,2025,
A Friend of the Family,1.0,Peacock,2022,2022
A Ghost Story,3.0,,2018,2017
A Good Woman,1.0,,2009,2004
A Good Year,3.0,,2007,2006
A Hijacking,4.0,,2021,2012
A History of Violence,3.0,,2006,2005
A Hologram for the King,3.0,,2017,2016
A Killer Paradox,2.0,Netflix,2025,
A Killer Paradox S1,2.0,Netflix,2025,1900
A Late Quartet,3.0,,2013,2012
A Little Prayer,,,1900,
A Man Called Ove,3.0,,2017,2016
A Matter of Size,3.0,,2012,2009
A Model Family,2.0,Netflix,2022,2022
A Model Family,1.0,Netflix,2022,2022
A Monster Calls,3.0,,2017,2016
A Most Violent Year,4.0,,2015,2014
A Nearly Normal Family,2.0,Net,2025,2023
A Private Affair,2.0,Prime,2022,2022
A Prophet,4.0,,2011,2009
A Quiet Place,4.0,,2018,2018
A Quiet Place Part II,3.0,,2022,2022
A River Runs Through It,4.0,,2005,1992
A Room with a View,1.0,,2007,1986
A Royal Affair,3.0,,2014,2012
A Scanner Darkly,2.0,,2007,2006
A Secret,3.0,,2009,2007
A Separation,4.0,,2012,2011
A Simple Favor,3.0,,2025,2018
A Single Man,2.0,,2010,2009
A Thousand Years of Good Prayers,2.0,,2009,2007
A Very Long Engagement,4.0,,2005,2004
A Walk Among the Tombstones,3.0,,2025,
A Walk in the Woods,2.0,,2016,2015
A Woman a Gun and a Noodle Shop,3.0,,2011,2010
A Wrinkle in Time,1.0,,2018,2018
Aberdeen,4.0,,2012,2001
About Elly,3.0,,2017,2015
About Time,3.0,,2017,2013
Above Suspicion,2.0,Britbox,2025,
Absentia,3.0,Prime,2022,2018
Absolutely Fabulous: The Movie,1.0,,2017,2016
Accused,1.0,Hulu,2025,2023
Across the Universe,3.0,,2008,2007
Acts of Vengence,3.0,,2019,2017
Adaptation.,4.0,,2005,2002
Admission,3.0,,2014,2013
Adolescence,4.0,Netflix,2025,2025
Adopt a Highway,3.1,,2025,2019
Adoration,3.0,,2011,2007
African Cats,3.0,,2012,2011
After the Hunt,3.0,,2025,
After the Wedding,4.0,,2007,2006
Afterglow,2.0,,2005,1997
Agatha Christi Ordeal by Innocense,1.0,Brit,2025,
Ain't Them Bodies Saints,3.0,,2014,2013
Air,3.0,,2023,
Ajami,2.0,,2011,2009
Ak eelah and the Bee,3.0,,2006,2006
Alamar,4.0,,2011,2009
Albert Nobbs,3.0,,2012,2011
Alex Cross,2.0,,2013,2012
Alice in Wonderland,3.0,,2010,2010
Alien,4.0,,2004,1979
Alive Inside: A Story of Music & Memory,4.0,,2015,2014
All about Eve,1.0,,#VALUE!,1900
All Good Things,3.0,,2011,2010
All Her Fault,2.5,Peacock,2025,2025
All is Bright,3.0,,2024,1900
All Is Lost,4.0,,#VALUE!,2013
All of You,3.2,AppleTV,2025,2025
All Quiet on the Western Front,4.0,Netflix,2022,2022
All That Jazz,4.0,,2004,1979
All the King's Men,4.0,Hulu,2007,2006
All the Light We Cannot See,3.0,,2023,
All the Money in the World,3.0,,2018,2017
All The Old Knives,3.0,,2022,2022
All the President's Men,4.0,,2004,1976
Allied,3.0,,2017,2016
Aloft,3.0,,2017,2015
Alone Australia series,3.0,Netflix,2025,
Altered States,4.0,,2004,1980
Amadeus,4.0,,2004,1984
Ambulance,3.0,,2022,2022
Amelie,3.0,,2006,2001
American Assassin,3.0,,2018,2017
American Beauty,5.0,,2004,1999
American Dreamer,3.0,,2025,
American Fable,2.0,,2023,
American Gangster,3.0,,2008,2007
American History X,4.0,,2004,1998
American Hustle,4.0,,2014,2013
American Mystery! Coyote Waits,1.0,,2008,2003
American Pastoral,1.0,,2017,2016
American Sniper,4.0,,2016,2014
American Splendor,3.0,,2005,2003
Amexicano,2.0,,2009,2007
Amores Perros,2.0,,2006,2001
Amour,3.0,,2017,2012
Amsterdam,3.0,HBO,2022,2022
An Education,3.0,,2010,2008
An Unfinished Life,3.0,,2007,2005
And Breathe Normally,3.0,Netflix,2022,2018
And Now ... Ladies and Gentlemen...,4.0,,2005,2002
Anemone,3.0,,2025,2025
Anesthesia,1.0,,2016,2016
Animal Kingdom,1.0,,2016,2010
Annapolis,3.0,,2006,2006
Annette,1.0,Prime,2022,2021
Annihilation,2.0,,2018,2018
Anonymous,1.0,,2012,2011
Anora,2.0,Prime,2025,2024
Another Earth,3.0,,2012,2011
Another Round,3.3,Prime,2025,2020
Another Thin Man,1.0,,2012,1939
Another Year,4.0,,2011,2010
Antwone Fisher,4.0,,2013,2002
Anxious People series,3.0,Netflix,2024,2021
Any Day Now,1.0,,2014,2012
Apocalypse Now Redux,1.0,,2005,1979
Apocalypto,4.0,,2007,2006
Apollo 13,3.0,,2016,1995
Appaloosa,3.0,,2009,2008
Apple Tree Yard,4.0,,2021,2017
Appropriate Adult S1,3.0,Prime,2025,2011
Aquarius,1.0,,2019,2016
Argo,4.0,,2013,2012
Army of Thieves,3.0,Netflix,2023,
Arranged,3.0,,2016,2007
Arrival,3.0,,2017,2016
As It Is in Heaven,3.0,,2010,2005
Ask the Dust,1.0,,2007,2006
Asphalt City,3.8,Hulu,2025,2023
Astraea,4.0,,2019,2016
At Any Price,1.0,,2017,2012
Atomic Blonde,3.0,,2018,2017
Atonement,3.0,,2008,2007
Au Revoir Les Enfants,3.0,,2010,1987
August Evening,3.0,,2009,2008
August: Osage County,3.0,,2015,2013
Augustt Rush,3.0,,2016,2007
Aurora Borealis,3.0,,2007,2005
Australia,3.0,,2009,2008
AVA ,3.0,,2023,
Avatar,5.0,,,2009
Awakenings,4.0,,2004,1990
Away from Her,3.0,,2008,2006
Away We Go,3.0,,2011,2009
Babel,4.0,,2007,2006
Babette's Feast,4.0,,2004,1987
Baby Driver,3.0,,2017,2017
Baby Mama,2.0,,2009,2008
Bad Education,3.0,HBO,2022,2020
Bad Sisters,4.0,Apple,2022,2022
Bad Sisters Season 1,3.5,Apple TV,2024,2024
Bad Words,3.4,Netflix,2022,2014
Bagdad Cafe,3.0,,2010,1988
Bangkok Dangerous,2.0,,2009,2008
Baraka,3.0,,2010,1992
Barbara,3.0,,2023,
Barbara Walters,3.2,,2025,
Barbarian,,Netflix,2022,
Barbarian,1.0,Net,2025,2022
Barefoot,1.0,Tubi,2025,2014
Barney's V ersion,3.0,,2011,2011
Based on a True Story - ,3.0,Peacock,2024,1900
Basquiat,1.0,,2014,1996
Batman Begins,3.0,,2006,2005
Battelle off the Sexes,3.0,,2018,2017
Beasts of the Southern Wild,3.0,,2013,2012
Beau is Afraid,2.0,,2025,2023
Beauty and the Beast (2017),1.0,,2017,2017
Before,2.0,,2024,
Before I Go to Sleep,1.0,,2015,2014
Before Midnight,1.0,,2015,2013
Before Sunset,1.0,,2005,2004
Before the Devil Knows You're Dead,3.0,,2008,2007
Before the Rain,2.0,,2008,1994
Beginners,3.0,,2012,2011
Behind Your Touch,1.0,,2023,
Being Flynn,3.0,,2012,2012
Being John Malkovich,4.0,,2004,1999
Being There,4.0,,2006,1979
Beirut,3.0,,2018,2018
Belle,1.0,,2016,2014
Below Zero,4.0,,2021,2021
Ben Is Back,3.0,HBO,2022,2018
Bent,2.0,,2023,1900
Bergman Island,1.0,,2022,2022
"Berlin, I Love You",3.0,,2019,2019
Bernie,1.0,,2013,2011
Between the Folds,2.0,,2013,2008
Between Us,3.0,,2014,2012
Beyond the Gates,2.0,,2008,2005
Beyond the Lights,2.0,,2015,2014
Beyond the Sea,3.0,,2005,2004
Big Bug,,Netflix,,2022
Big Fish,3.0,Netflix,,2003
Big Night,5.0,,2006,1996
Billy Joel & So It Goes,1.0,HBO,2025,
Billy Lynn's Long Halftime Walk,1.0,,2017,2016
Biutiful,4.0,,2011,2010
Black Bag,3.9,Peacock,2025,
Black Bird,3.0,Apple,2022,2022
Black Coal Thin Ice,2.0,Prime,2025,2014
Black Crab,3.5,,2022,2022
Black Doves season 1,3.0,Netflix,2024,2024
Black Hawk Down,1.0,,2005,2001
Black Mirror  S1-7,3.0,Netflix,2025,
Black Panther,1.0,,2018,2018
Black Rabbit,4.0,Prime,2025,2025
Black Widow,2.0,,2025,
Blade Runner: Workprint,5.0,,2015,1982
Blindspot S1 ,2.0,Netflix,2025,2020
Blink Twice,2.0,Prime,2025,
Blitz,3.2,Apple tv,2024,2024
Blood Diamond,3.0,,2007,2006
Blood Father,2.0,,2017,2016
Blood Simple,4.0,,2005,1984
Blue,4.0,,2010,1993
Blue Jasmine,3.0,,2014,2013
Blue Lights S 1 - 3,3.2,Brit,2025,
Blue Murder,2.0,Peacock,2024,1900
Blue Ruin,2.0,,2015,
Blue V alentine,4.0,,2011,2010
Blue Velvet,4.0,,2004,1986
Boardwalk Empire,1.0,HBO,2022,2010
Bodkin,1.0,,2025,
Body of Lies,4.0,,2009,2008
Bolt,3.0,,2009,2008
Bonneville,1.0,,2009,2006
Boots S1,1.0,Net,2025,2025
Border,4.0,,2021,2018
Bordertown Murders,,Netflix,2021,2021
Borgman,1.0,Prime,,
Born into Brothels,4.0,,2005,2004
Born on the Fourth of July,4.0,,2004,1989
Boston Legal,3.0,,2025,2004
Bottle Shock,3.0,,2009,2008
Boulevard,2.0,,2025,2014
Boy A,4.0,,2009,2007
Boy in the Corner,2.0,,2023,
BPM (Beats Per Minute),1.0,,2018,2017
Brave,3.0,,2013,2012
Brazil,5.0,,2015,1985
Breach,3.0,,2007,2007
Breaking and Entering,4.0,,,2006
Breathe,2.0,Tubi,2025,2024
Brick,3.0,,2006,2005
Bride Flight,3.0,,2011,2008
Bridesmaids,2.0,,2011,2011
Bridge of Spies,4.0,,,2015
Brilliant Minds,2.0,Peacock,2024,2024
Brimstone,3.0,,2017,2017
Brok en Embraces,3.0,,2011,2009
Broken,4.0,Prime,2024,2013
Bronson,3.0,,2010,2008
Brooklyn,3.0,,2016,2015
Brothers,4.0,,2006,2005
Bubble,1.0,,2006,2006
Buck,4.0,,,2011
Bugonia,3.2,Peacock,2025,2025
Bugsy,4.0,,2004,1991
Bullhead,3.0,,2012,2012
Bullitt,4.0,,2004,1968
Burden of Proof series,2.0,Hulu,2025,2018
Buried,2.0,,2019,2010
Burma V J,4.0,,2010,2009
Burn After Reading,4.0,,2009,2008
Burning,1.0,Prime,2022,2018
Burnt,4.0,,2016,2015
Buster's Mal Heart,2.0,,2018,2017
Butch Cassidy and the Sundance Kid,4.0,,2004,1969
Butterfly,2.0,,2006,1999
Cach_,2.0,,2013,2005
Cadillac Records,2.0,,2009,2008
Caf_ Society,1.0,,2017,2016
Cafe,2.0,,2013,2010
Calvary,4.0,,2023,2014
Cameraperson,1.0,,2017,2016
Capote,2.0,,2006,2005
Captain Fantastic,3.0,,2017,2016
Captain Phillips,3.0,,2014,2013
Carnage,3.0,,2012,2011
Carol,1.0,,2016,2015
Carry-On,3.4,Netflix,2024,
Case Sensitive: The point of Rescue,3.0,Prime,2022,2011
Cashback,2.0,,2023,
Casino Royale,2.0,,2007,2006
Cast Away,4.0,,2004,2000
Castle Falls,,Peacock,,
Catch and Release,3.0,,2007,2006
Causeway,3.0,Apple,2022,2022
Cell 211,3.0,,2013,2009
Chameleon Street,1.0,,2008,1990
Changeling,4.0,,2009,2008
Chappie,3.0,,2016,2015
Charlie Wilson's War,3.0,,2008,2007
Charlotte Gray,3.0,,2005,2001
Chasing Shadows,3.0,Britbox,2025,
Che,1.0,,2010,2008
Chef,4.0,,,2014
Chef's Table Legends S1,3.2,Netflix,2025,2025
Cherry,1.0,hulu,2022,2021
Chi-Raq,4.0,,2016,2015
Child 44,1.0,,2016,2015
Children of Men,4.0,,,2006
Chimpanzee,2.0,,2013,2012
China Moon,3.0,,2009,1994
Chinatown,4.0,,2004,1974
Chocolat,4.0,,2004,2000
Chronicle of an Escape,3.0,,2009,2006
Cinderella Man,4.0,,2006,2005
Cinema Paradiso,4.0,,2006,1988
CITIZENFOUR,1.0,,2016,2014
City Island,3.0,,2011,2009
City Island,3.0,Tubi,2025,2009
City of God,4.0,,2005,2002
Civil War,3.0,Max,2025,2024
Clean ,2.0,,2023,
Cleanskin,3.0,Prime,2022,2012
Clemency,3.4,hulu,2023,2019
Clerks,1.0,,2005,1994
Closed Circuit,3.0,,2014,2013
Closer,2.0,,2005,2004
Closing Dynasty,3.0,Netflix,,2023
Cloud Atlas,4.0,,2014,2012
Coco Before Chanel,3.0,,2011,2009
CODA,4.0,Apple,2021,2021
Code of Silence,3.2,Brit,2025,
Cold Mountain,4.0,,2006,2003
Colin from Accounts S1,3.2,Paramount,2025,
Colin From Accounts S2,3.0,Paramount,2025,
Collateral,3.0,,2021,2018
Collateral Beauty,4.0,,2017,2016
Columbus,3.0,,2024,
Coming Home,4.0,,2016,2015
Complete Unknown,3.0,Prime,2022,2016
Complicit,3.4,,2023,
Conclave,3.5,,2024,2024
Contact,4.0,,2004,1997
Conversations with God,1.0,,2007,2006
Conviction,4.0,,2011,2010
Cool Hand Luke,4.0,,2004,1967
Coriolanus,3.0,,2012,2011
Countdown,1.0,Prime,2025,
Coupling: Season 4,3.0,,2008,2004
Cowboys & Aliens,3.0,,2012,2011
Craigslist Joe,3.0,,2014,2012
Crash,5.0,,2006,2005
Crazy Heart,3.0,,2010,2009
Crime Story,3.0,hulu,1900,1900
Criminal,3.0,,2018,2016
Critical Thinking,3.0,Netflix,,
Cross series,2.0,Prime,2025,2024
Crossing the Bridge: The Sound of Istanbul,2.0,,2009,2005
"Crouching Tiger, Hidden Dragon",4.0,,2004,2000
Croupier,2.0,,2012,2000
Cunk on Life,2.5,,2024,1900
Cut Bank,1.0,,2016,2015
Cutie and the Bo xer,2.0,,2015,2013
D_jö Vu,2.0,,2007,2006
Dallas Buyers Club,3.0,,2015,2013
Dances with Wolves,4.0,,2004,1990
Daniel Ellsberg and the Pentagon Papers,4.0,,2010,2009
Dark,1.0,Net,2025,2017
Dark City: Director's Cut,3.0,,2012,1998
Dark Crimes,2.0,Tubi,,2018
Dark Horse,3.0,,2016,2016
Dark Places,3.0,,2019,
Dark River,3.0,,2022,2018
Dark Shadows,1.0,,2013,2012
Dark Winds,1.0,,2022,2022
Darkest Hour,4.0,,2018,2017
Date Night,3.0,,2010,2010
Daughters,3.3,Netflix,2025,2024
Daughters of the Dust,1.0,,,
Days of Heaven,3.0,,2010,1978
Dead Man,3.0,,2005,1996
Dead Man Walking,4.0,,2004,1995
Dead Poets Society,4.0,,2004,1989
Deadfall,3.0,,2013,2012
Dear Child,1.0,Net,2025,2023
Dear Frankie,4.0,,2007,2005
Dear John,1.0,,2015,2010
Dear Zachary: A Letter to a Son About His Father,4.0,,2011,2008
Death at a Funeral,3.0,,2008,2007
Death in Paradise,2.0,Brit,2025,
Death on the Nile,3.0,,2022,2022
Deathtrap,2.0,,2005,1982
Deception,3.0,HBO,2022,2008
Deep Blue,3.0,,2007,2003
Defending Jacob,4.0,Apple,2020,2020
Defiance,4.0,,2009,2008
Definitely Maybe,3.0,,2011,2008
Dejavu,3.0,,2025,2006
Delicatessen,5.0,,2004,1992
Delicious,3.0,,2023,
Deliverance,4.0,,2004,1972
Demolition,3.6,,2025,2015
Denial,3.0,,2017,2016
Deparrtturres,1.0,,2016,2009
Dept. Q S1,4.0,Netflix,2025,2025
Derailed,3.0,,2009,2005
Destroyer ,4.0,,2021,2018
Detachment,4.0,,2017,2011
Detective Forst series,1.0,Netflix,2024,
Detectorists S1,2.0,Prime,2025,2011
Detroit,2.0,,2018,2017
Devs,4.0,hulu,2022,2020
Diamond Men,1.0,,2008,2000
Did You Wonder Who Fired the Gun ?,1.0,,2018,2018
Dirty Pretty Things,4.0,,2012,2002
Dirty Wars,4.0,,2014,2013
Disappearance on Clifton Hill,2.0,,2023,1900
Disclaimer,3.0,Apple TV,2024,2024
District 9,4.0,,2010,2009
Divergent,3.0,,2016,2014
Doctor Who,2.0,,2015,
Doctor Zhivago,4.0,,2004,2002
Dog,3.0,Prime,2022,2022
Dog Day Afternoon,4.0,,2004,1975
Dogma,4.0,,2004,1999
Don't Breathe,3.0,,2018,2016
Don't Come Knocking,2.0,,2006,2005
Don't Tell,2.0,,2006,2005
Don't Think Twice,1.0,,2017,2016
Donnie Darko: Director's Cut,1.0,,2016,2001
Dope Thief S1,3.8,Apple tv ,2025,2025
Doubt,4.0,,2009,2008
Douglas is Cancelled,3.5,Brit,2025,2024
Down by Law,3.0,,2005,1986
Down Cemetery Road S1,3.0,AppleTV,2025,2025
Downfall,2.0,,2005,2005
Downsizing,3.0,,2018,2017
Dr. Brain,1.0,,,
Dream House,3.0,,2012,2011
Dreamgirls,3.0,,2013,2006
Drive,3.0,,2017,2011
Drive My Car,3.0,,2022,2022
Driving Lessons,2.0,,2007,2006
Driving Miss Daisy,4.0,,2004,1989
Dunkirk,3.0,,2018,2017
Duplicity,3.0,,2009,2009
Eagle Eye,3.0,,2009,2008
Eagle vs. Shark,1.0,,2008,2007
East Side Sushi,3.0,,2016,2015
Eastern Promises,3.0,,2008,2007
Easy Virtue,2.0,,2011,2008
Eddie Izzard: Dress to Kill,4.0,,2009,1999
Eddington,1.0,HBO,2025,
Edge of Tomorrow,4.0,,2015,2014
Edward Scissorhands,4.0,,2004,1990
Elegy,1.0,,2009,2008
Elephant Song,3.0,Prime,2021,2014
Elite Squad: The Enemy Within,3.0,,2016,2010
Elizabeth,1.0,,2013,1998
Elle,1.0,,2017,2016
Elling,1.0,,2016,2001
Elsbeth,1.0,,2024,
Elysium,3.0,,2014,2013
Embrace of the Serpent,1.0,,2016,2016
Emilia Perez,2.8,Netflix,2024,2023
Emily the Criminal,1.0,Netflix,2022,2022
Empire Falls,1.0,HBO,2025,2005
Empire of Light,4.0,HBO,2022,
Enchanted,1.0,,2008,2007
End of Watch,3.0,,2017,2012
Enemy at the Gates,3.0,,2006,2001
Enemy Mine,4.0,,2004,1985
Enemy of the State,4.0,,2004,1998
Enlightened,1.0,Max,,
Enough Said,3.0,,2014,2013
"Equalizer S1, 2 & 3",3.0,Netflix,2025,
Equiity,3.0,,2017,2016
Erin Brockovich,4.0,,2004,2000
Ernest & Celestine,1.0,,2015,2012
Eternal Sunshine of the Spotless Mind,4.0,,2004,2004
Europa Report,3.0,,2017,2013
Everlasting Moments,3.0,,2010,2008
Every Thing Will Be Fine,2.0,,2016,2015
Everyday,1.0,,2016,2012
Everything Is Illuminated,4.0,,2006,2005
Everything is Illuminated,3.0,Prime,2025,2005
Everything Must Go,2.0,,2011,2010
Exam,3.0,,2016,2009
Exit Plan,2.0,hulu,2022,2019
Exit Through the Gift Shop,3.0,,2011,2010
Exporting Raymond,3.0,,2011,2010
Exteterritorial,2.8,Netflix,2025,2025
Extremely Loud and Incredibly Close,3.0,,2012,2011
F1 The Movie,3.0,,2025,
Faces Places,1.0,,2018,2017
Facing Nolan,3.0,Netflix,2022,2022
Faith Like Potatoes,2.0,,2010,2006
Falling,3.0,,2024,2021
Fallout season 1,3.0,Prime,2024,2024
Fanny and Alexander,1.0,,2007,1982
Far from Heaven,1.0,,2008,2002
Far from Men,4.0,,2016,2015
Far North,1.0,,2009,2007
Far Out Isn't Far Enough: The Tomi Ungerer Story,3.0,,2015,2012
Fargo,4.0,,,2014
Fargo,3.8,AppleTV,2025,
Fay Grim,1.0,HBO,2022,2006
Fear of Rain,1.0,hulu,2022,2021
Fences,4.0,,2017,2016
Fight Club,4.0,,2004,1999
Film Stars Don't Die in Liverpool,2.0,,2018,2017
Filth,1.0,hulu,2022,2013
Finch,3.0,Apple,2021,2021
Finding Nederland,3.0,,2005,2004
Finding Vivian Maier,3.0,,2015,2013
Fingernails,2.0,,2023,
Fireflies in the Garden,3.0,,2012,2008
Fireproof,3.0,,2010,2008
Firewall,3.0,,2007,2006
First Reformed,3.0,,2018,2018
First Snow,3.0,Prime,2022,2020
Fitzcarraldo,1.0,,2005,1982
Five Days,1.0,,2009,
Five Days (Update),3.5,,2025,
Five Minutes off Heaven,4.0,,2010,2009
Flags of Our Fathers,3.0,,2007,2006
Flight,4.0,,2013,2012
Flightplan,3.0,,2006,2005
Flora and Son,3.2,Apple tv ,2025,
Flow,4.0,Hulu,2025,
Flow: For Love of Water,3.0,,2011,2008
Flowers S1,2.0,Prime,2025,2016
Fly Me To the Moon,2.0,Apple tv,2024,
Fo xcatcher,4.0,,2015,2014
Focus,3.0,Netflix,2024,2015
"Food, Inc.",3.0,,2010,2008
Footnote,1.0,,2012,2011
For the People S1 &2,3.0,Hulu,2025,
For Your Consideration,1.0,,2009,2006
Force Majeure,4.0,,2015,2014
Forrest Gump,4.0,,2004,1994
Forsaken,2.0,,2023,
Four Brothers,1.0,,2006,2005
Foxcatcher,4.0,,,2014
Fracture,4.0,,,2007
Fractured,3.0,,2025,
Frantz,3.0,,2019,2017
Freak onomics,3.0,,2011,2010
Free Men,2.0,,2012,2011
Freedom Writers,4.0,,2018,2007
Fried Green Tomatoes,4.0,,2004,1991
From Mao to Mozart: Isaac Stern in China,4.0,,2008,1981
Frost Nix on: The Original Watergate Interviews,1.0,,2009,1977
Frozen River,4.0,,2009,2008
Fruitvale Station,3.0,,2014,2013
Full Circle,3.0,,2023,
Full Time,3.0,,2024,
Fun with Dick & Jane,3.0,,2007,2005
Fun with Dick and Jane,1.0,,2006,1977
Fur,1.0,,2007,2006
Game 6,3.0,,2006,2005
Game Night,4.0,,2018,2018
Gandhi,4.0,,2004,1982
Genius,3.0,,2016,2016
Georgetown,4.0,,2021,2019
Georgia O'K eeffe,3.0,,2011,2009
Get Low,3.0,,2011,2009
Get Out,3.0,,2018,2017
Ghost in the Shell,3.0,,2017,2017
Gideon's Daughter,3.0,,2018,2005
Gladiator,4.0,,2004,2000
Glen Campbell: I'll Be Me,1.0,,2016,2014
Goal! The Dream Begins,4.0,,2007,2005
God Grew Tired of Us,3.0,,2013,2006
God's Country,3.0,,2023,
Gold,3.0,,2017,2016
Golden Door,3.0,,2008,2007
Goliath,4.0,,2021,2016
Gomorrah,2.0,,2010,2008
Gone Baby Gone,3.0,,2008,2007
Gone with the Wind,3.0,,2013,1939
Gonzo: The Life and Work of Dr . Hunter S. Thompson,3.0,,2009,2007
Good Behavior S1 & S2,3.2,Max,2025,2016
"Good Morning, Vietnam",4.0,,2004,1987
Good night and good luck,3.0,,2019,
Good Omens Amazon series,1.0,,,2019
Good Will Hunting,4.0,,2004,1997
Goodbye Christopher Robin,3.0,,2018,2017
Gosford Park,3.0,,2012,2001
Grace and Frankie,1.0,,2017,
Graduation,1.0,,2018,2017
Gran Torino,2.0,,2009,2008
Great British Baking Show seasons 1-13,3.5,Netflix,2024,
Green Zone,3.0,,2010,2009
Greenland,2.0,,2023,1900
Greyhound,4.0,Apple,2021,2021
Gringo,3.0,,2018,2018
Grizzly Man,2.0,,2006,2005
Gunnin' for That #1 Spot,2.0,,2011,2008
Hacks,2.0,HBO,2022,2022
Hacksaw Ridge,3.0,,2017,2016
Half Nelson,3.0,,2007,2006
Hanna,3.0,,2013,2011
Happy Face S1,3.0,Paramount,2025,2025
Happy People: Year in the Taiga,3.0,,2025,2013
Hard Sun,3.0,Hulu,2025,
Harmonium,2.0,,2018,2017
Haywire,4.0,,2012,2011
Head-On,3.0,,2009,2004
Headhunters,3.0,,2012,2011
Heads of State,2.0,Prime,2025,
Heart of Champions,3.2,,2025,2021
Heart of Stone,1.0,,2023,
Heat,4.0,,2004,1995
Hecho en M_xico,2.0,,2015,2012
Hector and the Search for Happiness,3.0,,2016,2014
Heist,3.0,,2012,2001
Hell and Back Again,3.0,,2012,2011
Hello My Twenties,2.0,Netflix,2022,2016
Helvetica,1.0,,2018,2007
Henry's Crime,3.0,,2012,2010
Her,1.0,,2015,2013
Here,2.0,,2025,2024
Hereafter,3.0,,2011,2010
Heretic,3.0,,2025,2024
Hesher,1.0,,2011,2010
High Flying Bird,3.0,Netflix,2022,2019
Higher Ground,1.0,,2012,2011
Hightown,1.0,,2025,2020
Hightown,1.0,,2025,2024
Highway 61,1.0,,2011,1991
Hijack,3.0,Apple,2023,2023
History of the Eagles,4.0,,,2013
History Of The Eagles: Disc 1,4.0,,2015,
History Of The Eagles: Disc 2,4.0,,2015,
Hitch,3.0,,2005,2005
Hitchcock,3.0,,2014,2012
Hobbs & Shaw,1.0,,2022,2022
Homeland,3.0,,2013,
Honk for Jesus,1.0,peacock,2022,2022
Hope Springs,4.0,,2013,2012
Hostage,1.0,Netflix,2025,2025
Hostage,3.0,Net,2025,2025
Hostiles,3.0,,2018,2017
Hotel Artemis,3.0,,2018,2018
Hotel Rwanda,4.0,,2005,2004
House of Dynamite,3.5,,2025,2025
House of Sand and Fog,4.0,,2004,2003
How Art Made the World: Disc 1,2.0,,2009,
How Art Made the World:: Disc 2,2.0,,2009,
How I Became a Superhero,3.0,,2022,
How I Ended This Summer,3.0,,2011,2010
Howards End,4.0,,2004,1992
Human Playground,3.0,Apple,2022,2022
Humboldt County,3.0,,2009,2008
Hunger,1.0,,2017,2008
Hunt for the Wilderpeople,3.0,,2017,2016
Hustle & Flow,4.0,,2006,2005
I Am Ali,4.0,,2015,2014
I Am David,2.0,,2007,2003
I Am Legend,4.0,,2008,2007
I Am Mother,3.0,,2019,
I Am NotYour Negro,3.0,,2017,2017
I Am Sam,4.0,,2013,2001
I Came By,3.0,Netflix,2022,2022
I Can Only Imagine,3.0,,2018,2018
I Daniel Blake,3.0,,2018,2016
I Know This Much is True,4.0,,2021,2020
"I Love You, Man",1.0,,2010,2009
I Saw the Light,1.0,,2016,2015
I Smile Back,2.0,,2016,2015
I Think We're Alone Now,3.0,hulu & Prime,2022,2018
I Used to Be Famous,3.0,Netflix,2022,2015
I'll Be Right There,3.0,Netflix,2025,2023
I’ll Follow You Down,3.0,TUBI,2022,2013
I'll Sleep When I'm Dead,4.0,,2005,2003
I'm Not There,2.0,,2008,2007
I've LovedYou So Long,4.0,,2009,2008
Ida,2.0,,2015,2014
Identity,4.0,,2006,2003
If a Tree Falls: A Story of the Earth Liberation Front,3.0,,2012,2011
Il Postino,4.0,,2004,1995
In a Better World,5.0,,2011,2010
In a World...,3.0,,2014,2013
In America,4.0,,2006,2002
In Bruges,3.0,,2009,2008
In Darkness,3.0,,2012,2011
In From the Cold,3.0,,2023,
In Her Shoes,1.0,,2008,2005
In the Bedroom,3.0,,2008,2001
In the Dark,1.0,Britbox,2025,
In the Dark S1,3.0,Brit,2025,
In the Face,3.1,,2025,
In the Land of Blood and Honey,1.0,,2012,2011
In the Land of Saints and Sinners,3.0,,2025,
In the Loop,3.0,,2011,2009
In the Name of the Father,4.0,,2008,1993
In the Valley of Elah,3.0,,2008,2006
In Time,2.0,,2012,2011
In Treatment,1.0,,2009,
Incendiies,5.0,,2012,2010
Inception,3.0,,2011,2010
Indignation,1.0,,2017,2016
Industry,2.0,HBO,2022,2020
Infamous,2.0,,2007,2006
Infinitely Polar Bear,3.0,,2016,2015
Inglourious Basterds,3.0,,2010,2009
Inside,3.0,,2023,
Inside Job,3.0,,2011,2010
Inside Llewyn Davis,3.0,,2014,2013
Inside Man,3.0,,2006,2006
Inside Out,1.0,,2016,2015
Insomnia,3.0,,2023,
International Falls,1.0,Prime,2022,2019
Interstellar,3.0,,2015,2014
Into Great Silence,2.0,,2008,2005
Into the Wild,3.0,,2008,2007
Into the Woods,1.0,,2015,2014
Invictus,3.0,,2010,2009
Irena Sendler: In the Name off Their Mothers,3.0,,2014,2011
Iron Man,4.0,,2009,2008
Irvine Welsh's Crime  S1,3.2,Brit,2025,
Is Anybody There?,3.0,,2010,2008
It Might Get Loud,3.0,,2010,2008
J. Edgar,2.0,,2012,2011
Jack Reacher: Never Go Back,2.0,,2017,2016
Jack Ryan: Shadow Recruit,3.0,,2015,2014
Jackie,2.0,,2017,2016
Jacob's Ladder,3.0,,2018,1990
Jaws,4.0,,2004,1975
Jean of the Joneses,3.0,Prime,2022,2016
Jean of the Jonses,3.0,Prime,2022,2016
Jean-Michel Basquiat: The Radiant Child,2.0,,2014,2009
Jesus Camp,1.0,,2007,2006
Jinda Byne,3.0,tubi,2022,2006
Jiro Dreams of Sushi,3.0,,2012,2011
Joe,3.0,,2017,2014
Joe Pickett S1,3.0,Prime,2025,
Joe's Place,3.0,HBO,2022,2009
John Adams: Disc 1,3.0,,2009,
John Adams: Disc 2,3.0,,2009,
John Adams: Disc 3,3.0,,2009,
John Q,4.0,,2004,2002
Joy,1.0,,2016,2015
Joyride,2.0,,2023,1900
Julia,4.0,,2004,1977
Julie & Julia,4.0,,2010,2009
Junebug,3.0,,2008,2005
Juno,3.0,,2008,2007
Juror No 2,3.0,Max,2025,
K-19: The Widowmaker,3.0,,2014,2002
K-Pax,3.0,,2025,2001
Kajillionaire,2.0,Prime,2025,2020
Karen Pirie S1,1.0,Brit,2025,
Kedi,3.0,,2018,2017
Ken Burns: The Roosevelts: An Intimate History,3.0,,2015,
Kidnap,1.0,,2018,2017
Kidnapping Mr. Heineken,3.0,,2019,2015
Kill the Messenger,3.0,,2016,2014
Killer Elite,3.0,,2012,2011
Killing Them Softly,1.0,,2013,2012
Killing Time,1.0,Tubi,2024,2010
Kimi,3.0,,2022,2022
King Richard,4.0,,2022,2022
Kingsman: The Secret Service,3.0,,2016,2015
Kinsey,3.0,,2005,2004
Kiss Kiss Bang Bang,1.0,,2017,2005
Kiss of the Spider Woman,4.0,,2004,1985
Kleo,3.0,Netflix,2024,
Kon-Tiki,3.0,,2014,2012
Kontroll,3.0,,2005,2004
L_on: The Professional,4.0,,2004,1994
L.A. Confidential,3.0,,2005,1997
La Vie en Rose,4.0,,2008,2007
Labyrinth off Lies,3.0,,2016,2015
Lady Bird,1.0,,2018,2017
Lady in the Water,3.0,,2007,2006
Landman series 1,3.0,Paramount,2024,2024
Landscapers,4.0,,2021,2021
Lars and the Real Girl,4.0,,2008,2007
Last Chance Harvey,4.0,,2009,2008
Last Days in Vietnam,3.0,,2015,2014
Last Flag Flying,4.0,,2018,2017
Last Light,2.0,Peacock,2022,2022
Last Word,3.0,Net,2025,2017
Late Night,1.0,,,2019
Law Abiding Citizen,2.0,,2010,2009
Lawless,3.0,,2012,2012
Lawrence of Arabia,4.0,,2004,1962
Layer Cake,3.0,,2010,2004
Le Week-End,4.0,,,2014
Learning to Drive,3.0,,2016,2015
Leave the World Behind,3.0,,2024,
Leaving Las Vegas,4.0,,2004,1995
Lebanon,4.0,,2011,2009
Lee,3.8,,2024,
Lee Daniels' The Butler,3.0,,2014,2013
Left-Handed Girl,1.0,Net,2025,2025
Legends of the Fall,4.0,,2007,1994
Lemony Snicket: Unfortunate Events,5.0,,2004,2004
Leonard Cohen: I'm Your Man,4.0,,2009,2005
Les Mis_rables,1.0,,2014,2012
Let Him Go,1.0,,2023,
Letters from Iwo Jima,3.0,,2007,2006
Life,3.0,,2017,2017
Life Above All,3.0,,2012,2010
Life as a House,2.0,,2017,2001
Life Is Beautiful,4.0,,2004,1997
Life of Pi,4.0,,2013,2012
Like Father Like Son,3.0,,2018,2013
Like Water for Chocolate,4.0,,2004,1992
Lilly,3.0,Net,2025,2024
Limitless,3.0,,2011,2011
Lincoln,3.0,,2014,2012
Line of Duty Season 1,3.8,Prime,2024,
Lion,5.0,,,2016
Lioness seasons 1&2,3.8,Para,2025,2025
Lions for Lambs,3.0,,2008,2007
Little Children,4.0,,2007,2006
Little Miss Sunshine,3.0,,2007,2006
Live by Night,2.0,,2017,2016
Living,3.0,,2022,
Lo and Behold: Reveries of the Connected World,1.0,,2017,2016
Local Color,1.0,,2011,2006
"Lock, Stock and Two Smoking Barrels",3.0,,2010,1998
Locke,4.0,,2015,2014
Lone Star,3.0,,2006,1996
Lone Survivor,3.0,,2015,2013
Lonely Hearts,3.0,,2008,2006
Longford,3.0,,2015,2006
Lord of War,4.0,,2007,2005
Lorenzo's Oil,3.0,,2018,1992
Lost in Paris,3.0,,2017,2017
Lost River,1.0,,2025,2014
Lou,3.0,Netflix,2022,2022
Louder Than Bombs,3.0,,2024,
Love Actually,4.0,,2025,2003
Love Is All You Need,3.0,,2015,2012
Lovely Still,2.0,,2011,2008
Lover Stalker Murder,3.0,Netflix,2024,
Loving,3.0,,2017,2016
Luce,3.0,hulu,2022,2019
Lucky Number Slevin,1.0,,2017,2006
"Lust, Caution",4.0,,2009,2007
LUV,3.0,,2013,2012
Mach Gun Preacher,3.0,,,2011
Made in Dagenham,3.0,,2011,2010
Maggie Moore(s),3.0,Hulu,2025,2023
Magical Journeys of Andreas Vollenweider,2.0,,2009,2006
Magnolia,4.0,,2005,1999
Man of the Year,2.0,,2007,2006
Man on a Ledge,3.0,,2012,2012
Man on the Train,4.0,,2005,2002
Man on Wire,4.0,,2009,2008
Manchester by the Sea,2.0,,2017,2016
Manito,1.0,,2008,2003
Marcella,1.0,,2025,
March of the Penguins,3.0,,2006,2004
Mare of Easttown,4.0,,2022,2021
Maria Full off Grace,4.0,,2005,2004
Marjorie Prime,3.0,,2018,2017
Mark Felt: The Man Who Brought Down the White House,3.0,,2018,2017
Marley,3.0,,2013,2012
Marshall,3.0,,2018,2017
Martian Child,3.0,,2009,2007
Mary and Max,3.0,,2011,2009
Mass,4.0,hulu,2022,2021
Masterpiece Contemporary: Endgame,4.0,,2013,2009
Masterpiece Contemporary: God on Trial,2.0,,2013,2008
Masterpiece Contemporary: Page Eight,4.0,,2013,2011
Match Point,3.0,,2006,2005
Matchstick Men,4.0,,2004,2003
May December,2.8,,2024,
Mayor of Kingstown,4.0,Prime,2021,2021
Me and You and Everyone We Know,1.0,,2006,2005
Me Too,1.0,,2017,2009
Memento,4.0,,2004,2000
Memoirs of a Geisha,3.0,,2006,2005
Memory,3.0,Prime,2022,2022
Men,2.0,Tubi,2025,2022
Men in Black,4.0,,2004,1997
Merchants of Doubt,3.0,,2016,2015
Merry Christmas,4.0,,2010,2005
Meru,3.0,,2016,2015
Mesrine: Part 1: Killer Instinct,1.0,,2014,2008
Mesrine: Part 2: Public Enemy #1,1.0,,2014,2008
Messiah,3.0,Netflix,2024,2020
Mia Madre,2.0,,2017,2016
Michael Clayton,4.0,,,2007
Micky 17,3.2,Max,2025,2025
Micmac's,4.0,,2011,2009
Micmacs,4.0,,,2009
Midnight Cowboy,4.0,,2004,1969
Midnight Diner,3.0,Prime,2025,
Midnight Express,4.0,,2004,1978
Midnight in Paris,3.0,,2012,2011
Midnight in the Garden of Good and Evil,1.0,,2015,1997
Midnight in the Garden off Good and Evil,1.0,,2015,1997
Midnight Special,3.0,,2016,2016
Miles Ahead,1.0,,2016,2016
Milk,4.0,,2009,2008
Million Dollar Baby,4.0,,2005,2004
"Milwaukee, Minnesota",2.0,,2008,2003
Minamata,3.0,hulu,2022,2020
Mindhunters S1,3.5,Netflix,2025,2017
Minority Report,4.0,,2004,2002
Miranda's Victim,3.0,,2025,2023
Misconduct,3.0,Prime,2024,
Miss Sloane,4.0,,2017,2016
Missing You series,3.0,Netflix,2025,
Mission Impossible Rogue Nation,3.2,,2025,2015
Mississippi Grind,3.0,,2016,2015
Mistress America,1.0,,2016,2015
Mitt,3.0,,2016,2014
Mo   season 2,3.0,Netflix,2025,2024
Molly's Game,4.0,,2018,2017
Momentum Generation,3.0,,,
Money Monster,3.0,,2016,2016
Moneyball,4.0,,2012,2011
Mongol,3.0,,2008,2007
Monsieur Lazar,3.0,,2012,2011
Monster,4.0,,2006,2003
Monster's Ball,4.0,,2004,2001
Monsters,4.0,,2011,2010
"Monsters, Inc.",4.0,,2004,2001
Montauk77,2.0,,2023,
Moon,3.0,,2010,2009
Moonlight,3.0,,2017,2016
Moonrise Kingdom,2.0,,2013,2012
More Than Honey,4.0,,2014,2012
Morgan,3.0,,2017,2016
Mostly Martha,4.0,,2005,2002
Mother and Child,3.0,,2011,2009
Mother of George,2.0,,2014,2013
Mother!,2.0,,2018,2017
Mountainhead,2.0,Max,2025,
Mountains May Depart,1.0,,2017,2016
Mr . & Mrs. Smith,4.0,,2006,2005
Mr . Brooks,4.0,,2008,2007
Mr . Church,3.0,,2018,2016
Mr . Nobody,1.0,,2017,2009
Mr . Robot,3.0,,2016,
Mr . Turner,1.0,,2015,2014
Mr. & Mrs. Smith,4.0,,,2005
Mr. Brooks,4.0,,,2007
Mr. In Between,1.0,,2025,2018
Mr. Jones,3.0,,2021,2019
Mr. Mercedes season 1,3.0,Peacock,2024,
Mrs. Brown,3.0,,2005,1997
Mrs. Doubtfire,4.0,,2004,1993
Mrs. Henderson Presents,3.0,,2006,2005
Much Ado About Nothing,1.0,,2017,2012
Mud,3.0,,2016,2012
Mulholland Dr.,4.0,,2004,2001
Munich,4.0,,2006,2005
Munich - Eddge of War,3.0,Net,2025,2021
Murder in the First,3.0,,2016,1995
Murder on the Orient Express (2017),3.0,,2018,2017
Murderball,3.0,,2006,2005
Muscle Shoals,3.0,Prime,2022,2013
Museum Hours,4.0,,2014,2013
Music from the Inside Out,4.0,,2009,2004
Music Within,3.0,,2009,2007
My Afternoons with Margueritte,3.0,,2012,2010
My Architect: A Son's Journey,4.0,,2005,2003
My Brilliant Friend,1.0,,2018,2018
My Dinner with Andre,2.0,,2009,1981
My Left Foot,4.0,,2006,1989
My Life as a Dog,4.0,,2008,1985
My Mom Jane,3.0,HBO,2025,2025
My Old School,3.0,hulu,2022,2022
My Reincarnation,2.0,,2012,2011
My Three Daughters,3.2,,2024,2024
My Week with Marilyn,3.0,,2012,2011
Mystic River,4.0,,2004,2003
Nairobby,2.0,Netflix,2023,
Naked Gun,3.0,,2025,2025
Nate Bargstze Tenn. Kid,3.5,,2025,
National Treasure,1.0,,2005,2004
Navalny,4.0,,2022,2022
Nebraska,3.0,,2014,2013
NeilYoung Journeys,2.0,,2012,2011
Neruda,3.0,,2018,2016
Network,4.0,,2004,1976
News of a Kidnapping,2.0,Prime,2022,2022
Next Exit,1.0,,2023,
Night at the Museum,2.0,,2007,2006
Night Bitch,3.2,,2024,
Night Passage,2.0,,2023,
Night Sleeper,3.2,Brit,2025,2024
Night Train to Lisbon,2.0,tubi,2022,2013
Nightbitch,3.0,Hulu,2024,
Nightcrawler,3.0,,2015,2014
Nightmare Alley,1.0,,2022,2021
Nine Queens,3.0,,2017,2000
No,2.0,,2014,2012
No Country for Old Men,4.0,,2008,2007
No End in Sight,4.0,,2008,2007
No Escape,3.4,,2024,
No Good Deed S1,2.9,Netflix,2025,2024
No Man's Land S1,3.0,Hulu,2025,2020
No Sudden Move,3.0,,2024,
Nobody,4.0,,2021,2021
Nobody Knows I'm Here,3.0,Netflix,2022,2020
Nobody's Fool,1.0,,2009,1994
Nocturnal Animals,3.0,,2017,2016
Noise,3.0,,2016,2007
Noma: My Perfect Storm,1.0,,2016,2015
Nope,3.0,Peacock,2022,2022
Nora's Will,3.0,,2011,2010
Norman: The Moderate Rise and Tragic Fall of a New York Fixer,3.0,hulu,2022,2016
North Country,3.0,,2007,2005
North Face,3.0,,2013,2008
Northfork,3.0,,2005,2003
Nostalgia for the Light,3.0,,2014,2010
Notes on a Scandal,4.0,,2007,2006
November Criminals,3.0,,2018,2017
Now You See Me,2.0,,2014,2013
Nyad,3.0,,2023,2023
O'Horten,3.0,,2011,2007
Obsession: Radical Islam's War Against the West,4.0,,2009,2006
Ocean's Eleven,4.0,,2004,2001
Ocean's Thirteen,2.0,,2008,2007
Of Gods and Men,4.0,,2011,2010
Off the Map,3.0,,2006,2003
Office Space,3.0,,2006,1999
Official Secrets,3.0,,2023,
Old,1.0,HBO,2022,2021
Oldboy,3.0,,2015,2013
Oleg,1.0,,,
Omar,2.0,,2015,2013
On a Clear Day,4.0,,2006,2005
On Call,2.0,Prime,2025,
On Golden Pond,4.0,,2004,1981
On The Count of Three,1.0,hulu,2022,2022
On the Road,2.0,,2014,2012
On the Way to School,3.0,,2017,2015
Once,4.0,,,2006
Once More with Feeling,3.0,,2012,2009
One Battle After Another ,3.0,,2025,2025
One False Move,1.0,,2013,1991
One Flew Over the Cuckoo's Nest,5.0,,2004,1975
One Hundred Years of Solitude,1.0,Netflix,2025,
Only Murders in the Building,1.0,Max,2024,
Only When I Dance,3.0,,2011,2009
Operation Finale,3.0,,2019,2018
Operation Mincemeat,1.0,,,
Ordinary Decent Criminal,1.0,,2005,2000
Our Kind of Traitor,3.0,,2017,2016
Our Last Tango,4.0,,2017,2016
Out of Africa,4.0,,2004,1985
Out of the Furnace,3.0,Prime,2013,
Outside the Law,4.0,,2011,2010
Owning Mahowny,3.0,,2009,2003
Ozark,4.0,,2021,2021
Pain and Glory,1.0,,,2019
Pain Hustlers series,3.0,Netflix,2024,2023
Painted Lady,3.1,Prime,2025,1994
Palmer,3.0,Apple,2021,2021
Pan's Labyrinth,3.0,,2007,2006
Panic,2.0,,2012,2000
Paper Heart,2.0,,2010,2009
Papillon,5.0,,2004,1973
Paradise Lost 3: Purgatory,1.0,,2012,2011
Paradise Now,1.0,,2008,2005
Paradise season 1,3.0,Hulu,2025,2024
Paranoia,1.0,,2014,2013
Paranoid Park,1.0,,2009,2007
Parker,3.0,,2014,2013
Passing Strange,4.0,,2010,2009
Paterson,1.0,,2017,2016
Patton,4.0,,2004,1970
Pavarotti (Ron Howard movie),3.0,,,2019
Pay It Forward,4.0,,2004,2000
Payback,3.0,Brit,2025,2023
Peaks and Valleys,3.0,,2022,2021
Pearl Harbor,1.0,,2005,2001
Peppermint,3.0,,2019,2018
"Pepsi, Where's My Jet?",3.0,Netflix,2022,2022
Perfect,1.0,,2023,
Perfume: The Story of a Murderer,3.0,,2016,2006
Pernille,1.0,Net,2025,2025
Persepolis,1.0,,2008,2007
Phantom Thread,3.0,,2018,2017
Philadelphia,4.0,,2004,1993
Phoenix,4.0,,2016,2015
Piano Lesson,3.4,Netflix,2025,
Pierrepoint,3.0,,2011,2005
Piina,3.0,,2013,2011
Pirate Radio,2.0,,2010,2009
Platoon,4.0,,2004,1986
Playing Nice S1,3.0,Brit,2025,
Please Give,3.0,,2011,2010
Please V ote For Me,3.0,,2008,2007
Pluribus S1,3.0,AppleTV,2025,2025
Pocahontas II: Journey to a New World,2.0,,2008,1998
Polisse,1.0,,2013,2011
Potiche,1.0,,2011,2010
Precious: Based on the Novel Push by Sapphire,3.0,,2010,2009
Predestination,3.0,,2017,2015
Premium Rush,3.0,,2015,2012
Presumed Innocent,3.0,,2012,1990
Pride and Glory,3.0,,2009,2007
Prime Suspect (1),2.0,CW,2024,1993
Prime Suspect (2),4.0,Peacock,2024,2011
Prime Target series,2.0,Apple,2025,
Primer,3.0,,2008,2004
Prince Avalanche,1.0,,2018,2013
Prisoners,4.0,,2014,2013
Prometheus,1.0,,2012,2012
Proof,3.0,,2006,2005
PU-239,3.0,,2009,2006
Public Enemies,3.0,,2010,2009
Pulp Fiction,4.0,,2004,1994
Puncture,5.0,,2019,
Puzzle,3.0,,2018,2018
Queen of Katwe,2.0,,2017,2016
Queen of the Sun: What Are the Bees Telling Us?,1.0,,2014,2010
Queen to Play,3.0,,2011,2009
Quills,3.0,,2006,2000
Rabbit Hole,4.0,,2011,2010
Rabbit-Proof Fence,4.0,,2004,2002
Rachel Getting Married,4.0,,2009,2008
Radical Islam's War Against the West,4.0,,,2006
Raging Bull,4.0,,2004,1980
Rain Man,4.0,,2004,1988
Raising Arizona,4.0,,2004,1987
Rampart,2.0,,2013,2011
Rapt,3.0,,2013,2009
Rashomon,3.0,,2007,1950
Ratatouille,3.0,,2008,2007
Ray,4.0,,2005,2004
RBG,3.0,,2019,2018
Reach for Me,1.0,,2011,2009
Reacher,1.0,Prime,2021,2022
Read My Lips,3.0,,2013,2001
Ready Player One,1.0,,2018,2018
Real Women Have Curves,2.0,,2008,2002
Rear Window,4.0,,2004,1954
Red,3.0,,2008,1994
Red Election S1,3.0,Hulu,2025,2021
Red Lights,3.0,,2012,2012
Red Notice,3.0,Netflix,2022,2021
Red Road,3.0,,2008,2006
Red Sea Diving Resort,3.0,,2019,
Red Sparrow,1.0,,2018,2018
Reign Over Me,4.0,hulu,2022,2007
Relay,4.0,Net,2025,2024
Rendition,3.0,,2009,2007
Requiem for a Dream,1.0,,2013,2000
Requiem for the American Dream,1.0,,2016,2016
Rescued by Ruby,3.0,,2022,2022
Reservation Road,3.0,,2009,2007
Reservoir Dogs,4.0,,2004,1992
Restrepo,4.0,,2013,2010
Reversal of Fortune,3.0,,2009,1990
Revolutionary Road,4.0,,2009,2008
Riders of Justice,4.0,,2021,2020
Ridley,3.0,Prime,2024,
Rise,3.0,hulu,2022,2022
River's Edge,1.0,,2008,1986
Ro & the Stardust ,3.0,Netflix,2024,2022
Road to Perdition,4.0,,2004,2002
Roadkill,3.0,Prime,2024,2020
Robin Hood,3.0,,2011,2010
Robot & Frank,1.0,,2013,2012
Rocket Science,2.0,,2008,2007
RocknRolla,3.0,,2009,2008
Rogue Agent ,3.0,Netflix,2025,
Role Play,3.0,,2024,
"Roman J. Israel, Esq.",2.0,,2018,2017
Ronin,4.0,,2004,1998
Room,3.0,,2016,2015
Rose and Maloney,1.0,Tubi,2025,2002
Rosewater,3.0,,2016,2014
Rough Diamonds,3.0,Netflix,2023,
Round Midnight,3.0,,2008,1986
Rounders,1.0,,2017,1998
Rowan Atkinson Live!,3.0,,2008,1992
Rudo y Cursi,2.0,,2010,2008
Runaway Jury,3.0,Tubi,,2003
Running with Scissors,1.0,,2007,2006
Runoff,2.0,,2017,2015
Russian Doll,2.0,,2022,2022
Rust and Bone,2.0,,2013,2012
S_raphine,2.0,,2014,2008
Safe House,3.0,,2012,2012
Salmon Fishing in the Y emen,4.0,,2012,2011
Salt,3.0,,2011,2010
Samsara,1.0,,2013,2011
Sangre de Mi Sangre,4.0,,2009,2007
Sarah's Key,4.0,,2013,2010
Satan & Adam,3.0,,2019,2018
Saving Private Ryan,5.0,,2004,1998
Scarface,4.0,,2004,1983
Scent of a Woman,4.0,,2004,1992
Schindler's List,5.0,,2004,1993
Schultze Gets the Blues,3.0,,2006,2003
Seabiscuit: America's Legendary Racehorse,4.0,,2004,2003
Searching for Sugar Man,4.0,,2013,2012
Seasons,1.0,,2017,2016
Secret City series,3.0,Netflix,2025,
Secret City series,2.0,Netflix,2024,
Secret in Their Eyes,3.0,,2016,2015
Secretary,3.0,,2008,2002
Secrets & Lies,2.0,Prime,2024,2018
Secrets of the Elephants,3.0,,2023,
Security,3.0,,2023,
See How They Run,3.0,HBO,2022,2022
Seems Like Old Times,1.0,,2017,1980
Selma,3.0,,2015,2014
Seraphim Falls,3.0,,2007,2007
Serena,1.0,hulu,2022,2014
Seven,4.0,,2004,1995
Seven Pounds,4.0,,2009,2008
Severence,2.0,Apple,2022,2022
"Sex, Lies, and Videotape",4.0,,2004,1989
Sexy Beast,2.0,,2010,2001
Seymour: An Introduction,1.0,,2016,2015
Shadow,1.0,,2018,1956
Shadow Dancer,3.0,,2014,2012
Shakespeare in Love,4.0,,2005,1998
Shall We Dance ?,2.0,,2011,1996
Shantaram,1.0,Apple,2022,2022
Shark Tale,3.0,,2005,2004
Sharper,4.0,Apple,2023,2023
Shelter,3.4,,2023,
Sherlock Holmes,4.0,,2010,2009
Sherlock Holmes: A Game of Shadows,3.0,,2012,2011
SherryBaby,3.0,,2007,2006
Shine,5.0,,2007,1996
Shooter,3.0,,2007,2007
Short Cuts,4.0,,2005,1993
Short Term 12,3.0,,2016,2013
Shut Eye,1.0,,2025,
Shutter Island,3.0,,2010,2010
Sicario,4.0,,,2015
Sicario: Day of the Soldado,3.0,,2018,2018
Side Effects,3.0,,,
Sideways,3.0,,2005,2004
Signs,2.0,,2017,2002
Silence,3.0,,2017,2016
Silver Linings Playbook,4.0,,,2012
Simon of the Desert,1.0,,2010,1965
Sin Nombre,1.0,,2016,2009
Sing Sing,1.0,Max,2025,
Singularity,1.0,,2018,2017
Sirens,1.0,,2025,
Sister,1.0,,2015,2012
Sisu,3.0,Peacock,2025,2023
Sky Captain and the World of Tomorrow,2.0,,2006,2004
Skyfall,3.0,,2013,2012
Sleepers,4.0,,2005,1996
Sleuth,2.0,,2008,2007
Sling Blade,4.0,,2004,1996
Slow Horses,2.0,Apple,2022,2022
Slow Horses S5,4.0,AppleTV,2025,2025
Slow West,3.0,,2017,2015
Slumdog Millionaire,3.0,,2009,2008
Small Town Murder Songs,3.0,,2015,2010
Smoke,4.0,Appletv,2025,2025
Smoke Signals,3.0,,2006,1998
Snatch,4.0,,2004,2000
Sneaky Pete,4.0,,2021,2015
Snow Flower and the Secret Fan,1.0,,2012,2011
Solaris,2.0,,2012,2002
Somebody Somewhere,1.0,Max,2025,2022
Something the Lord Made,3.0,,2006,2004
Something's Gotta Give,4.0,,2004,2003
Son of Rambow,1.0,,2011,2008
Son of Saul,2.0,,2016,2015
Son of the Bride,1.0,,2006,2001
Songcatcher,2.0,,2005,2000
Sophie's Choice,4.0,,2004,1982
Sorry to Bother Y ou,1.0,,2019,2018
Sound off Noise,2.0,,2013,2010
Source Code,3.0,hulu,2022,2011
Spanglish,4.0,,2007,2004
Spartan,3.0,,2007,2004
Spider,3.0,,2006,2002
Spinning Man,3.0,tubi,2022,2018
Spirited,3.0,Apple TV,2024,
Spotlight,3.0,,2016,2015
Spring,1.0,hulu,2022,2015
"Spring, Summer, Fall, Winter and Spring",3.0,,2018,2004
Spy,3.0,,2020,2015
Spy Game,3.0,,2010,2001
Spy Game,3.0,,2025,2001
St. Vincent,3.0,,2018,2014
Stand Up Guys,1.0,,2014,2012
State and Main,3.0,,2006,2000
State of Play,4.0,,2009,2009
Stay,3.0,,,2005
Steel Magnolias,4.0,,2004,1989
Steel Toes,4.0,,,2006
Stephen King's A Good Marriage,3.0,,2016,2014
Steve,3.1,Net,2025,2025
Still Alice,1.0,,2016,2014
Still Bill,4.0,,2011,2009
Still Standing,3.0,,2021,2015
"Still, Michael J Fox",3.0,,2023,
Stoker,1.0,,2014,2013
Stone,4.0,,2011,2010
Strange Days,3.0,,2006,1995
Strange Weather,3.5,,2023,
Straw Dogs,4.0,,2004,1971
Styx ,4.0,,2021,2018
Suburbicon,3.0,,2018,2017
Sugar,3.0,,2010,2008
Suits L.A. series,1.0,Max,2025,
Sundown,3.4,,2023,
Sunny season 1,1.0,Apple TV,2024,2024
Sunshine,1.0,,2006,1999
Sunshine Cleaning,3.0,,2010,2008
Superman Returns,3.0,,2007,2006
Surviving Progress,3.0,,2015,2011
Survivor,3.0,,2023,1900
"Suspect, The Shooting of …",2.0,Hulu,2025,2025
Suspicion season 1,3.0,Apple,,2022
Swan Song,4.0,,2021,2021
Sweeney Todd,2.0,,2008,2007
Sweet Bean,2.0,,2018,2016
Sweetwater,3.0,,2023,
Swimming with Sharks,1.0,,2005,1994
"Synecdoche, Nerw York",3.0,,2010,2008
Syriana,4.0,,2016,2005
T:he Mother,3.0,Netflix,2023,
Ta ble 19,2.0,,2018,2017
Ta xi to the Dark Side,4.0,,2008,2007
Tag,3.0,,2019,2018
Take Care of Maya,3.7,Netflix,2024,
Take Shelter,4.0,,#VALUE!,2011
Take the Lead,3.0,,2006,2006
Taken,3.0,,2009,2008
Taking Woodstock,1.0,,2011,2009
Tangerines,4.0,,2016,2015
Task,4.0,HBO,2025,2025
Taxi Driver,4.0,,2004,1976
Taxi to the Dark Side,4.0,,,2007
Tell No One,4.0,,,2006
Temple Grandin,4.0,,,2010
Ten Thousand Years of Longing,3.5,,2023,
Tenderness,3.0,,2011,2009
Terminal List,2.0,Prime,2022,2022
Tetro,1.0,,2011,2009
Thaw,3.0,,2022,2022
The 15:17 to Paris,2.0,,2018,2018
The 2005 Academy Award Short Films Collection,2.0,,2010,2005
The 33,4.0,,,2015
The Accountant,3.0,,2017,2016
The Accountant 2,3.4,Prime,2025,2025
The Act of Killing,3.0,,2014,2012
The Adjustment Bureau,4.0,,2011,2011
The African Queen,4.0,,2004,1951
The Age of Adaline,3.0,Netflix,,2015
The Agency season 1,3.9,Paramount ,2024,2024
The Amateur,3.2,Hulu,2025,2025
The Andromeda Strain,4.0,,2004,1971
The Apostle,2.0,,2008,1997
The Artist,3.0,,2012,2011
The Assassination of Jesse James,3.0,,2008,2007
The Assessment,3.0,,2025,2024
The Assistant,3.0,hulu,2022,2020
The Asunta Case S1,3.0,Net,2025,
The Aviator,3.0,,2005,2004
The Baader Meinhof Complex,2.0,,2010,2008
The Ballad of Wallis Island,3.0,Peacock,2025,2025
The Bank Job,1.0,,2009,2008
The Banshees of Inisherin,3.0,HBO,2022,2022
The Barbarian Invasions,3.0,,2005,2003
The Bear S4,4.0,Hulu,2025,2025
The Beast in Me,1.0,Net,2025,2025
The Beautiful Country,3.0,,2012,2004
The Beautiful Truth,1.0,,2010,2008
The Best Exotic Marigold Hotel,4.0,,2012,2011
The Best Offer,3.5,,2023,
The Bicycle Thief,3.0,,2008,1949
The Big Night,5.0,,2019,
The Big Picture,2.0,,2013,2010
The Big Short,3.0,,2016,2015
The Big Sick,3.0,,2017,2017
The Black Panthers: V anguard of the Revolution,1.0,,2016,2015
The Bondsman,2.0,Prime,2025,2025
The Book of Eli,3.0,,2010,2010
The Book of Henry,3.0,,2017,2017
The Booth at the End,3.0,,2025,2011
The Botany of Desire,2.0,,2018,2009
The Bourne Identity,5.0,,2004,2002
The Bourne Supremacy,4.0,,2004,2004
The Bourne Ultimatum,4.0,,2008,2007
The Boy in the Striped Pajamas,4.0,,2010,2008
The Brave One,3.0,,2008,2007
The Breakthrough series,3.5,Netflix,2025,2025
The Bridge,1.0,hulu,2022,2013
The Bridge (like The Tunnel),1.0,hulu,2022,2011
The Brok en Circle Break down,4.0,,2015,2012
The Brothers Bloom,3.0,,2010,2008
The Burial ,3.0,,2023,2023
The Burning Plain,3.0,,2010,2008
The Caine Mutiny Court Martial,3.4,,2023,1900
The Call,2.0,,2014,2013
The Captive,4.0,HBO,2021,2014
The Capture series,3.0,Peacock,2024,2023
The Card Counter,3.0,HBO,,2021
The Cave of the Y ellow Dog,3.0,,2008,2005
The Central Park Five,3.0,,2017,2012
The Chair Company,1.0,HBO,2025,2025
The Chestnut Man,1.0,Net,2025,2021
The Children Act,4.0,,2018,2018
The Childrens Train series,3.0,Netflix,2025,
The Chorus,4.0,,2005,2004
The Cider House Rules,3.0,,2006,1999
The Circle,3.0,,2017,2017
The Citizen,3.0,,2018,2012
The City off Lost Children,4.0,,2005,1995
The Class,4.0,,2009,2008
The Cleaner,2.0,,2022,
The Clearing,3.0,,2010,2004
The Color of Money,4.0,,2004,1986
The Color Purple,4.0,,2004,1985
The Commitments,4.0,,2006,2001
The Commuter,3.0,,2018,2018
The Company You Keep,3.0,,2015,2012
The Confirmation,3.0,,2017,2016
The Congressman,2.0,,2017,2016
The Conspirator,3.0,,2011,2010
The Constant Gardener,4.0,,2006,2005
The Conversation,4.0,,2004,1974
"The Cook, The Theif, His Wife and Her Lover",4.0,,2005,1990
The Count of Monte Cristo,4.0,,2005,2002
The Counterfeiters,3.0,,2010,2007
The Cove,4.0,,2010,2009
The Crime of Padre Amaro,1.0,,2006,2002
The Croods,1.0,,2015,2013
The Crown,3.0,Netflix,2021,2020
The Crying Game,3.0,,2007,1992
The Curious Case of Benjamin Button,4.0,,2009,2008
The Damned United,3.0,,2011,2009
The Dark Tower,3.0,,2018,2017
The Daughter,4.0,,,
The Day of the Jackal Season 1,3.5,Peacock,2024,2024
The Dead Don't Die,2.0,Netflix,2024,2019
The Dead Don't Hurt,3.5,,2025,2023
The Death of Stalin,2.0,,2018,2018
The Debt,3.0,,2016,2010
The Deer Hunter,4.0,,2004,1978
The Departed,4.0,,2007,2006
The Descendants,2.0,,2012,2011
The Devil All the Time,3.0,Netflix,2024,
The Devil Hours,3.0,,,
The Devil Wears Prada,3.0,,2007,2006
The Devil's Hour,3.0,,2023,
The Dinner,3.0,,2018,2017
The Diplomat S3,4.0,Net,2025,2025
The Diplomat season 1,5.0,,2024,2024
The Diplomat season 2,5.0,,2025,
The Disappearance of Eleanor Rigby,3.0,,2023,
The Disaster Artist,1.0,,2018,2017
The Diving Bell and the Butterfly,4.0,,2010,2007
The Drover's Wife: The Legend of Molly Johnson,1.0,hulu,2022,2022
The Drrop,3.0,,2016,2014
The Eagle Huntress,4.0,,2017,2016
The East,2.0,,2014,2013
The Eastern Gate series,1.0,Max,2025,
The Edge of Heaven,3.0,,2009,2007
The Edge of Seventeen,1.0,,2017,2016
The Electrical Life of Louis Wain,3.0,Prime,2025,2021
The Electrician,3.0,,2024,
The Elephant Man,4.0,,2004,1980
The End of Suburbia,1.0,,2006,2004
The Endless,3.5,Prime,2025,
The English,4.0,Prime,2022,2022
The English Patient,5.0,,2004,1996
The Equalizer 2,3.0,,2019,2018
The Equalizer 3,3.0,,2024,
The Escape Artist series,4.0,Prime,2025,2017
The Ex onerated,2.0,,2012,2005
The Externaut S1,1.0,Netflix,2025,
The Fall,4.0,,2017,2006
The Family,3.0,,2015,2013
The First,2.0,hulu,2022,2018
The Flood,3.0,Prime,2022,2019
The Florida Project,2.0,,2018,2017
The Fog of War,3.0,,2015,2003
The Foreigner,3.0,Netflix,2022,2017
The Founder,3.0,,2017,2016
The Fountain,1.0,,2008,2006
The French Connection,4.0,,2004,1971
The French Dispatch,1.0,,2022,2022
The Full Monty,4.0,,2004,1997
The Future,1.0,,2012,2011
The Game,1.0,,2009,1997
The Game,1.0,Brit,2025,
The Gatek eepers,3.0,,2014,2012
The Ghost Writer,3.0,,2011,2010
The Gift,4.0,,2006,2000
The Gilded Age,1.0,,2022,2022
The Girl Before,3.0,Max,2025,
The Girl on the Train,3.0,,2017,2016
The Girl Who Kick ed the Hornet's Nest,3.0,,2011,2009
The Girl Who Played with Fire,2.0,,2011,2009
The Girl with the Dragon Tattoo,3.0,,2012,2011
The Glass Castle,3.0,,2018,2017
The Glass Dome,3.9,Netflix,2025,2025
The Goldfinch,3.4,,2024,2019
The Good German,2.0,,2008,2006
The Good Nurse,3.0,Netflix,2023,
The Good Shepherd,3.0,,2007,2006
"The Good, The Bad, The Weird",3.0,,2012,2008
The Graduate,4.0,,2004,1967
The Grand Budapest Hotel,3.0,,2015,2014
The Grandmaster,1.0,,2015,2013
The Gray Man,3.0,Netflix,2022,2022
The Great Beauty,1.0,,2015,2013
The Great Buck Howard,2.0,,2009,2008
The Great Debaters,3.0,,2008,2007
The Great Escape,4.0,,2004,1963
The Great Gatsby,3.0,,2014,2013
The Great Wall,1.0,,2017,2017
The Greatest Movie Ever Sold,3.0,,2011,2011
The Greatest Showman,4.0,,2018,2017
The Green Mile,4.0,,2004,1999
The Grey,2.0,,2018,2012
The Guard,3.0,,2012,2011
The Guardian,3.0,,2008,2006
The Guilty,4.0,,2021,2021
The Gunman,3.0,,2019,
The Hand of God,1.0,Netflix,2022,2021
The Heat,1.0,,2014,2013
The Help,4.0,,2012,2011
The Hero,2.0,,2018,2017
The Hitman's Bodyguard,3.0,,2017,2017
The Holdovers,3.0,,2024,2024
The Homesman,2.0,,2017,2014
The Host,1.0,,2008,2006
The Hours,1.0,,2013,2002
The House I Live In,3.0,,2014,2012
The Human Experience,3.0,,2011,2008
The Human Stain,1.0,,2007,2003
The Hundred-Foot Journey,4.0,,,2014
The Hunger Games,2.0,,2012,2012
The Hunt,1.0,,2015,2012
The Hunt for Red October,4.0,,2004,1990
The Hunter,2.0,,2013,2011
The Hurt Locker,3.0,,2010,2008
The Ice Harvest,3.0,,2006,2005
The Ice Storm,3.0,,2007,1997
The Ides of March,3.0,,2012,2011
The Illusionist,3.0,,2007,2006
The Imaginarium of Doctor Parnassus,3.0,,2011,2009
The Imitation Game,4.0,,2015,2014
The Impossible,3.0,,2014,2012
The Imposter,3.0,,2013,2012
The Incredibles,3.0,,2005,2004
The Infiltrator,3.0,,2016,2016
The Informant!,3.0,,2011,2009
The Informer,3.0,Netflix,2022,2019
The Informers,1.0,,2010,2008
The Innocents,4.0,,,2016
The Inside Man,3.0,Netflix,2022,2022
The International,3.0,,2009,2009
The Interpreter,3.0,,2023,
The Intouchables,5.0,,2013,2011
The Invention of L ying,3.0,,2011,2009
The Investigation,4.0,,2022,2021
The Invisible Woman,1.0,,2015,2013
The Ipcress File,1.0,,2025,2022
The Iron Lady,3.0,,2012,2011
The Island,2.0,,2007,2005
The Italian Job,3.0,,2005,2003
The Jack et,3.0,,2017,2005
The Jungle Book 2,1.0,,2008,2003
The Keys to the House,4.0,,2006,2004
The Kids Are All Right,1.0,,2011,2010
The Killing ,5.0,Hulu,2011,
The Killing Fields,4.0,,2004,1984
The Killing Kind,1.0,Hulu,2025,2023
The King's Speech,4.0,,2011,2010
The Kite Runner,4.0,,2008,2007
The Kovak Box,2.0,,2022,2006
The Lake House,3.0,,2009,2006
The Last Days of Ptolemy Gray,2.0,Apple,2022,2022
The Last Detective,1.0,,2024,
The Last Emperor,1.0,,2013,1987
The Last Face,4.0,,,2017
The Last King of Scotland,4.0,,2007,2006
The Last of the Mohicans,4.0,,2004,1992
The Last Rites of Joe May,3.0,,2017,2011
The Last Samurai,4.0,,2004,2003
The Last Station,4.0,,2010,2009
The Last Thing He Told Me,3.0,Apple,2023,2023
The Last Waltz,4.0,,2009,1978
The Last Witness,3.0,hulu,2022,2018
The Lazarus Project,1.0,,2025,2022
The Legend off Tarrzan,3.0,,2017,2016
The Leisure Seek er,1.0,,2018,2017
The Levelling,3.0,,2017,2017
The Libertine,3.0,,2006,2004
The Life of David Gale,4.0,,2004,2003
The Light Between Oceans,3.0,,2017,2016
The Limits of Control,1.0,,2010,2009
The Lincoln Lawyer,1.0,,2011,2011
The Lion in Winter,4.0,,2004,1968
The Listener,1.0,,2025,
The Little Things,3.0,HBO,2022,2021
The Lives of Others,4.0,,2007,2006
The Lobster,2.0,,2017,2016
The Lone Ranger,2.0,,2014,2013
The Loneliest Planet,3.0,,2015,2011
The Look out,3.0,,2008,2007
The Lost City,2.0,Prime,2022,2022
The Lovely Bones,1.0,,2010,2009
The Lucky Ones,3.0,,2009,2008
The Machinist,3.0,,2005,2004
The Madness,3.0,Netflix,2024,
The Magdalene Sisters,3.0,,2008,2003
The Man Who Knew Infinity,3.0,,2016,2016
The Manchurian Candidate,4.0,,2006,2004
The Martian,4.0,,,2015
The Master,3.0,,,
The Mauritanian,3.0,Netflix,2023,
The Meddler,1.0,,2016,2016
The Mehta Boys,3.0,Prime,,2025
The Men Who Built America,4.0,,2014,
The Men Who Stare at Goats,3.0,,2010,2009
The Menu,4.0,HBO,2022,
The Merry Gentleman,3.0,,2010,2008
The Messenger,4.0,,2010,2009
The Milk of Sorrow,2.0,,2011,2009
The Mill,3.0,,2023,
The Missing Picture,1.0,,2015,2013
The Mole Agent,1.0,hulu,2022,2020
The Monuments Men,2.0,,2015,2014
The Morning Show,4.0,Apple,2021,2019
The Motorcycle Diaries,4.0,,2005,2004
The Mule,3.0,HBO,2022,2018
The Mummy,2.0,,2017,2017
The Namesake,3.0,,2008,2006
The Nest,3.0,,2024,
The New World,4.0,,2006,2005
The Newsroom ,5.0,,2021,2012
The Next Three Days,3.0,,2012,2010
The Nice Guys,3.0,,2017,2016
The Night Agent seasons 1&2,3.2,Netflix,2025,2025
The Night Of,4.0,HBO,2022,2016
The Notebook,3.0,,2005,2004
The Odd Perspective,2.0,,2025,2020
The Offer S1,2.0,Paramount,2025,2022
The Old Man in the Pool,3.5,,2024,
The Only Girl in the Orchestra,3.0,Netflix,2025,
The Order,3.0,Hulu,2025,2024
The Ottoman Lieutenant,2.0,,2017,2017
The Outfit,4.0,,2022,2022
The Package,3.5,,,
The Padre,3.0,,2019,2018
The Painted Bird,1.0,,,2019
The Painted Veil,4.0,,2007,2006
The Pale Blue Eyes,2.0,Netflix,,
The Parts You Lose,3.0,Prime,2019,
The Party,3.0,Freevee,2024,2017
The Penguin Lessons,3.0,Netflix,2025,
The People vs. Fritz Bauer,3.0,,2017,2016
The Perfect Storm,4.0,,2004,2000
The Phantom of the Opera,1.0,,2005,2004
The Phenom,3.4,,2023,
The Phoenician Scheme,3.0,Peacock,2025,
The Piano,4.0,,2004,1993
The Pitt season 1,2.0,,2025,
The Place Beyond the Pines,4.0,,2014,2012
The Pledge,3.0,,2016,2001
The Power of the Dog,4.0,,2022,2021
The Prestige,2.0,,2007,2006
The Private Lives of Pippa Lee,2.0,,2010,2009
The Producers,2.0,,2006,2005
The Promotion,1.0,,2009,2008
The Pursuit of Happyness,4.0,,,2006
The Queen,3.0,,2007,2006
The Railway Man,3.0,,2015,2014
The Rainmaker,4.0,,2004,1997
The Rainmaker S1,1.0,Prime,2025,2025
The Reader,4.0,,2009,2008
The Reck oning,3.0,,2005,2004
The Recruit seasons 1&2,3.4,Netflix,2025,2025
The Red One,3.0,,2024,
The Red Turtle,4.0,,2017,2017
The Red Violin,2.0,,2013,1998
The Reluctant Fundamentalist,3.0,,2017,2012
The Remains of the Day,4.0,,2004,1993
The Residence S1,3.4,Netflix,2025,2025
The Revenant,3.0,,2016,2015
The Rider,1.0,,2018,2018
The Road,4.0,,2011,2009
The Rookie,1.0,Hulu,2024,
The Roses,3.5,Hulu,2025,2025
The Rythm Section,4.0,,2021,2020
The Salesman,3.0,,2017,2017
The Salt of the Earth,2.0,,2016,2014
The Samaritan,3.0,,2012,2012
The Savages,4.0,,2008,2007
The Scenesters,1.0,,2015,2009
The Score,2.0,,2012,2001
The Sea Inside,5.0,,2005,2004
The Secret,3.0,,2007,2006
The Secret in Their Eyes,4.0,,2011,2009
The Sensation of Sight,1.0,,2012,2006
The Sentinel,2.0,,2007,2006
The Sessions,1.0,,2013,2012
The Shape off Water,3.0,,2018,2017
The Shawshank Redemption,4.0,,2004,1994
The Shining,4.0,,2004,1980
The Shipping News,4.0,,2004,2001
The Silence of the Lambs,4.0,,2004,1991
The Silencing,3.0,Netflix,2024,2020
The Silent Hour,3.0,,2025,2024
The Sisters Brothers,3.5,,,
The Skin I Live In,2.0,,2012,2011
The Snowman,3.0,,2018,2017
The Social Network,3.0,,2011,2010
The Soloist,4.0,,2009,2009
The Son,2.0,,2023,
The Sound of Silence,4.0,,2021,2019
The Spanish Prisoner,3.0,,2005,1997
The Spitfire Grill,1.0,,2013,1996
The Split,2.0,hulu,2022,2018
The Square,3.0,,2016,2013
The Staircase,3.0,HBO,2022,2022
The Station Agent,4.0,,2004,2003
The Sticky series,2.0,Prime,2025,2024
The Sting,4.0,,2004,1973
The Stoning of Soraya M.,1.0,,2017,2008
The Straight Story,2.0,,2005,1999
The Stranger seies,3.0,Netflix,2024,2022
The Substance,1.0,,2025,2025
The Survivors,3.0,Net,2025,2025
The Sweet Hereafter,2.0,,2013,1997
The Swimmers,3.0,Netflix,2023,
The Takedown,3.0,,2021,2022
The Taking of Pelham 123,3.0,,2011,2009
The Tale of Despereaux,1.0,,2009,2008
The Talented Mr. Ripley,4.0,,2004,1999
The Taste of Things,4.0,Hulu,2024,2023
The Teacher's Lounge,3.5,,,
The Tempest,3.0,,2011,2010
The Thaw,3.0,HBO,2022,2022
The Theory of Everything,3.0,,2015,2014
The Thin Red Line,4.0,,2004,1998
The Third Day,3.0,HBO,2025,
The Three Burials of Melquiades Estrada,3.0,,2007,2005
The Tiger's Tail,3.0,,2010,2006
The Titanic,4.0,,2004,1996
The Tourist,2.0,,2012,2010
The Town,3.0,,2012,2010
The Tree of Life,2.0,,2012,2011
The Trial,1.0,Netflix,2025,
The Tribe,1.0,,2017,2015
The Triplets of Belleville,4.0,,2005,2003
The Tunnel,4.0,,2013,2001
The TV Set,1.0,,2008,2007
The Unforgivable,4.0,,2021,2021
The United States of Leland,3.0,,2005,2003
The Universe Within: Nova,2.0,,2008,1992
The Unknown Known,3.0,,2015,2013
The Untouchables,3.0,,2013,1987
The Usual Suspects,3.0,,2013,1995
The Vanishing,2.0,,2005,1993
The Village Barbershop,2.0,,2011,2008
The Visitor,4.0,,2008,2007
The Wailing,1.0,,2017,2016
The Wall,3.0,,2018,2017
The Warrior,3.0,,2006,2001
The Watcher,1.0,Netflix,2022,2022
The Way,3.0,,2016,2010
The Way Way Back,3.0,,2015,2013
The Way We Get By,3.0,,2011,2009
The Weather Man,2.0,,2007,2005
The Wedding Guest,4.0,,2021,2019
The White Lotus,2.0,HBO,2022,2021
The White Ribbon,3.0,,2010,2009
The Whole Shoottiin' Match,1.0,,2010,1979
The Wife,3.4,,2023,
The Wild Robot,3.0,Peacock,2025,2024
The Wind Rises,1.0,,2015,2013
The Wind That Shak es the Barley,2.0,,2011,2006
The Wire S1,3.0,Hulu,2025,2002
The Wizard of Lies,3.0,HBO,2022,2017
The Wolf of Wall Street,1.0,,2015,2013
The Wolfman,2.0,,2010,2010
The Woman in the Fifth,3.0,,2012,2011
The Woman in the Window,4.0,,2021,2021
The Wonder,3.0,Netflix,2022,2022
The Words,3.0,,2013,2012
The Work,1.0,,2018,2017
The World's Fastest Indian,3.0,,2007,2005
The Wrestler,2.0,,2009,2008
The Year My Parents Went onVa cation,3.0,,2009,2008
The Yogurt Shop Murders,3.0,HBO,2025,
The Zookeeper's Wife,3.0,,2017,2017
Thelma & Louise,4.0,,2004,1991
Then She Found Me,2.0,,2009,2008
There Will Be Blood,4.0,,2008,2007
Thin Ice,1.0,,2015,2011
Things to Come,1.0,,2017,2016
Things We Lost in the Fire,4.0,,2008,2007
Third Person,4.0,,2017,2013
Thirteen Lives,4.0,Prime,2022,2022
This Beautiful Fantastic,1.0,,2017,2017
This Is England,4.0,,2008,2006
This Is Not a Film,2.0,,2013,2011
This Is Where I Leave You,3.0,,2022,2014
Thou Shall Not Grow Old,4.0,HBO,,2018
Three Billboards Outside Ebbing Missouri,4.0,,2018,2017
Three Kings,1.0,,2008,1999
Timbuktu,4.0,,2016,2015
Timecrimes,2.0,,2013,2007
Tina,4.0,HBO,2023,
"Tinker, Tailor, Soldier, Spy",4.0,,2012,2011
Titanic,4.0,,2004,1997
To Catch a Killer,3.2,,2025,2023
To Leslie,3.0,Netflix,2023,
To Live,3.0,,2007,1994
Together Together,3.0,hulu,2022,2021
Tollbooth,3.0,Prime,2025,2021
Tomorrowland,2.0,,2018,2015
Toni Erdmann,1.0,,2017,2016
Tootsie,4.0,,2004,1982
Top Gun,4.0,,2004,1986
Total Recall,3.0,,2013,2012
Tower,1.0,,2017,2016
Toy Story 3,2.0,,2011,2010
Train Dreams,3.2,Net,2025,
Train to Buson,3.0,,2019,2017
Traitor,3.0,,2019,2008
Traitors series,2.0,Netflix,2024,2019
Transamerica,2.0,,2006,2005
Transpecos,3.0,,2017,2016
Transsiberian,3.0,,2012,2008
Trapped,3.0,,2005,2002
Treadstone,2.0,Peacock,2024,
Treason,3.0,,,
Triage,3.0,,2012,2009
Trial & Retribution S1,1.0,Britbox,2025,
Triangle of Sadness,1.0,,2023,
Trigger Point season 1,3.0,Peacock,2024,
Triple 9,3.0,,2018,2016
Tristram Shandy: A Cock and Bull Story,1.0,,2006,2005
Troppo season 1,3.0,Prime,2025,2022
Trouble with the Curve,3.0,HBO,2022,2012
Trucker,3.0,,2011,2008
True Detective,3.0,,2015,
TRUE Grit,3.0,,2011,2010
True Romance,3.0,,2005,1993
True Story,1.0,,2016,2015
Trumbo,3.0,,2016,2015
Tsotsi,4.0,,2006,2006
Tully,3.0,,2018,2018
Tuya's Marriage,3.0,,2010,2006
"Two Days, One Night",3.0,,2016,2014
Two Family House,3.0,,2008,2000
Tyler Perry's Good Deeds,2.0,,2014,2012
Tyrannosaur,3.0,tubi,2022,2011
Tyson,4.0,,2009,2008
Unbroken,4.0,,2015,2014
Uncharted,1.0,Netflix,2022,2022
Under Suspicion,3.4,,2025,2000
Under the Same Moon,3.0,,2009,2007
Underbelly,2.0,Prime,2024,2008
Undercover series,2.9,Peacock,2025,2015
Undertow,3.0,,2005,2004
Unforgiven,4.0,,2004,1992
Unforgotten season 5,3.0,Prime,2025,2023
Unhinged,3.0,,,
Unknown,3.0,,2011,2011
Unknown White Male,3.0,,2007,2005
Unlocked,3.0,HBO,2025,2017
Unorthodox,3.0,Netflix,,2020
Unsane,2.0,,2018,2018
Unstoppable,3.2,Prime,2025,2025
Untamed S 1,3.0,Netflix,2025,2025
Unthinkable,3.0,,2011,2010
Up,2.0,,2010,2009
Up in the Air,3.0,,2010,2009
Upstairs Downstairs,1.0,Hulu,2025,
Valentin,4.0,,2005,2002
Valerian and the City of a Thousand Planets,1.0,,2018,2017
Valkyrie,2.0,,2009,2008
Vander der Valk,2.0,Prime,2024,2020
Vast of Night,3.0,,2023,
Velvet Buzzsaw,1.0,,,
Vengence,3.0,Netflix/Prime,2022,2022
Vera Drake,4.0,,2005,2004
Veronica Guerin,4.0,,2006,2003
Vicky Cristina Barcelona,3.0,,2009,2008
Victoria,4.0,,2016,2015
Victoria & Abdul,3.0,,2018,2017
Volver,1.0,,2011,2006
W.,3.0,,2009,2008
Waiting for Superman,3.0,,2011,2010
Waiting for the Barbarians,3.0,,2023,
Wake Up Dead Man,3.0,Net,2025,2025
Wakefield,3.0,Prime,2022,2016
Waking Life,1.0,,2017,2001
Waking Ned Devine,3.0,,2006,1998
Walk Hard: The Dewey Cox Story,1.0,,2009,2007
Walk the Line,2.0,,2006,2005
Wall Street: Money Never Sleeps,3.0,,2011,2010
WALL-E,3.0,,2009,2008
Waltz with Bashir,4.0,,2009,2008
War Dogs,3.0,,2017,2016
War for the Planet of the Apes,3.0,,2017,2017
War House,1.0,,2019,2011
War Story,2.0,,2023,
War Witch,3.0,,2014,2012
Washington Heights,4.0,,2005,2002
Waste Land,4.0,,2012,2010
Water,2.0,,2008,2005
Wayward Pines,2.0,hulu,2022,
Weapons,2.0,,2025,2025
Wedding Crashers,4.0,,,2005
Wendy and Lucy,2.0,,2011,2008
Whaledreamers,1.0,,2011,2006
What Maisie Knew,3.0,,2014,2013
What We Did on Our Holiday,3.0,,2019,2015
What You Wish For,3.0,,2025,1900
Which Way Home,3.0,,2011,2009
While We'reYoung,2.0,,2016,2015
Whiplash,2.0,,2015,2014
Whiskey Tango Foxtrot,1.0,,2016,2016
White Lies,3.0,,2019,1900
White Noise,3.0,,2005,2005
White Sands,1.0,Prime,2022,1992
Who We Are - A Chronicle of Racism in America,4.0,Netflix,,2022
Who We Are: A Chronicle of Racism in America,3.0,Netflix,2022,2022
Wild,3.0,,2015,2014
Wild Card,1.0,Netflix,2022,2015
Wild Cards,1.0,Prime,2025,
Wild Grass,1.0,,2012,2009
Wild Hogs,1.0,,2007,2007
Wild Horse Wild Ride,4.0,,2013,2011
Wild Tales,5.0,,2015,2014
Wild Target,3.0,Prime,2025,2009
Wildcat,3.5,Prime,2023,
Wilson,3.0,,2017,2017
Win Win,3.0,,2011,2011
Wind River,4.0,,2017,2017
Windfall,3.0,,2022,2022
Windtalkers,2.0,,2005,2002
Winged Migration,4.0,,2004,2001
Wings of Desire,2.0,,2012,1987
Winter in Wartime,3.0,,2011,2008
Winter Passing,3.0,,2006,2005
Winter's Bone,4.0,,2011,2010
Winter's Tale,3.0,,2015,2014
With a Friend Like Harry,3.0,,2013,2000
Without a Clue,1.0,,2008,1988
Witness for the Prosecution,3.0,,2008,1957
Wolf Like Me S1 & S2,3.0,Peacock,2025,2022
Wolves,3.0,,2021,2016
Woman in Gold,3.0,Netflix,,2015
Women on the Verge of a Nervous Break down,1.0,,2010,1988
Women Talking,3.4,,2023,
Wonder,3.0,,2018,2017
Words and Pictures,3.0,,2017,2013
Working Man,2.0,,2023,
World War Z,3.0,,2014,2013
Wrecked,3.0,,2012,2011
Wrexham,,Hulu,2023,
Y Tu Mamà Tambi_n,2.0,,2006,2001
Yara,3.0,Netflix,2022,2021
Year of the Dog,1.0,,2007,2007
Yellowstone,2.0,hulu,2022,2018
Yesterday,3.0,,2006,2004
Yogi Berra It Ain't Over,3.0,,2023,
You,1.0,Net,2025,
You Can Count on Me,3.0,,2018,2000
You Don't Know Me,3.0,,2022,2022
You Kill Me,3.0,,2011,2007
You People,3.0,Netflix,2023,
You Were Never Really Here,4.0,,2019,
Young Adult,3.0,,2012,2011
Young@Hearrt,4.0,,2008,2007
Your Friends & Neighbors S1,3.2,Apple tv ,2025,2025
Your Lucky Day,3.4,Prime,2024,
Zama,1.0,,2018,2018
Zero Dark Thirty,4.0,,2013,2012
Zero Day series,3.4,Netflix,2025,2025
ZeroZeroZero,2.0,Prime,,2020
Zodiac,3.0,,2007,2007